Location;DBType;Channel;TimeUTC;Status;Quality;Value
;Raw;Ammonia;11/1/2017 2:20:00 PM;137;0;29.2063007354736
;Raw;Ammonia;11/1/2017 2:21:00 PM;137;0;29.3600006103516
;Raw;Ammonia;11/1/2017 2:22:00 PM;137;0;29.3605003356934
;Raw;Ammonia;11/1/2017 2:23:00 PM;137;0;29.5004997253418
;Raw;Ammonia;11/1/2017 2:24:00 PM;137;0;29.6539993286133
;Raw;Ammonia;11/1/2017 2:25:00 PM;137;0;29.8117008209229
;Raw;Ammonia;11/1/2017 2:26:00 PM;137;0;29.8073997497559
;Raw;Ammonia;11/1/2017 2:27:00 PM;137;0;29.8815002441406
;Raw;Ammonia;11/1/2017 2:28:00 PM;137;0;29.9538993835449
;Raw;Ammonia;11/1/2017 2:29:00 PM;137;0;30.0415992736816
;Raw;Ammonia;11/1/2017 2:30:00 PM;137;0;30.0475006103516
;Raw;Ammonia;11/1/2017 2:31:00 PM;137;0;30.0461006164551
;Raw;Ammonia;11/1/2017 2:32:00 PM;137;0;30.0352001190186
;Raw;Ammonia;11/1/2017 2:33:00 PM;137;0;30.0401992797852
;Raw;Ammonia;11/1/2017 2:34:00 PM;137;0;30.0393009185791
;Raw;Ammonia;11/1/2017 2:35:00 PM;137;0;30.0394992828369
;Raw;Ammonia;11/1/2017 2:36:00 PM;137;0;30.1177005767822
;Raw;Ammonia;11/1/2017 2:37:00 PM;137;0;30.1200008392334
;Raw;Ammonia;11/1/2017 2:38:00 PM;137;0;30.1187992095947
;Raw;Ammonia;11/1/2017 2:39:00 PM;137;0;30.1214008331299
;Raw;Ammonia;11/1/2017 2:40:00 PM;137;0;30.1007995605469
;Raw;Ammonia;11/1/2017 2:41:00 PM;137;0;30.1844997406006
;Raw;Ammonia;11/1/2017 2:42:00 PM;137;0;30.2714004516602
;Raw;Ammonia;11/1/2017 2:43:00 PM;137;0;30.2602005004883
;Raw;Ammonia;11/1/2017 2:44:00 PM;137;0;30.2754993438721
;Raw;Ammonia;11/1/2017 2:45:00 PM;137;0;30.274299621582
;Raw;Ammonia;11/1/2017 2:46:00 PM;137;0;30.2733993530273
;Raw;Ammonia;11/1/2017 2:47:00 PM;137;0;30.2705993652344
;Raw;Ammonia;11/1/2017 2:48:00 PM;137;0;30.2723007202148
;Raw;Ammonia;11/1/2017 2:49:00 PM;137;0;30.270299911499
;Raw;Ammonia;11/1/2017 2:50:00 PM;137;0;30.2560997009277
;Raw;Ammonia;11/1/2017 2:51:00 PM;137;0;30.263599395752
;Raw;Ammonia;11/1/2017 2:52:00 PM;137;0;30.3391990661621
;Raw;Ammonia;11/1/2017 2:53:00 PM;137;0;30.3393993377686
;Raw;Ammonia;11/1/2017 2:54:00 PM;137;0;30.3409004211426
;Raw;Ammonia;11/1/2017 2:55:00 PM;137;0;30.3374004364014
;Raw;Ammonia;11/1/2017 2:56:00 PM;137;0;30.2576007843018
;Raw;Ammonia;11/1/2017 2:57:00 PM;137;0;30.2548007965088
;Raw;Ammonia;11/1/2017 2:58:00 PM;137;0;30.2576007843018
;Raw;Ammonia;11/1/2017 2:59:00 PM;137;0;30.2628002166748
;Raw;Ammonia;11/1/2017 3:00:00 PM;137;0;30.4209995269775
;Raw;Ammonia;11/1/2017 3:01:00 PM;137;0;30.4284992218018
;Raw;Ammonia;11/1/2017 3:02:00 PM;137;0;30.4197998046875
;Raw;Ammonia;11/1/2017 3:03:00 PM;137;0;30.3393993377686
;Raw;Ammonia;11/1/2017 3:04:00 PM;137;0;30.4169006347656
;Raw;Ammonia;11/1/2017 3:05:00 PM;137;0;30.4143009185791
;Raw;Ammonia;11/1/2017 3:06:00 PM;137;0;30.3360004425049
;Raw;Ammonia;11/1/2017 3:07:00 PM;137;0;30.1742000579834
;Raw;Ammonia;11/1/2017 3:08:00 PM;137;0;30.2604999542236
;Raw;Ammonia;11/1/2017 3:09:00 PM;137;0;30.3355007171631
;Raw;Ammonia;11/1/2017 3:10:00 PM;137;0;30.3432006835938
;Raw;Ammonia;11/1/2017 3:11:00 PM;137;0;30.3409004211426
;Raw;Ammonia;11/1/2017 3:12:00 PM;137;0;30.2558994293213
;Raw;Ammonia;11/1/2017 3:13:00 PM;137;0;30.1814002990723
;Raw;Ammonia;11/1/2017 3:14:00 PM;137;0;30.1079998016357
;Raw;Ammonia;11/1/2017 3:15:00 PM;137;0;30.1091003417969
;Raw;Ammonia;11/1/2017 3:16:00 PM;137;0;30.0988006591797
;Raw;Ammonia;11/1/2017 3:17:00 PM;137;0;30.1821994781494
;Raw;Ammonia;11/1/2017 3:18:00 PM;137;0;30.2630004882813
;Raw;Ammonia;11/1/2017 3:19:00 PM;137;0;30.3460998535156
;Raw;Ammonia;11/1/2017 3:20:00 PM;137;0;30.4165992736816
;Raw;Ammonia;11/1/2017 3:21:00 PM;137;0;30.3304996490479
;Raw;Ammonia;11/1/2017 3:22:00 PM;137;0;30.4123001098633
;Raw;Ammonia;11/1/2017 3:23:00 PM;137;0;30.4216003417969
;Raw;Ammonia;11/1/2017 3:24:00 PM;137;0;30.4127998352051
;Raw;Ammonia;11/1/2017 3:25:00 PM;137;0;30.4001007080078
;Raw;Ammonia;11/1/2017 3:26:00 PM;137;0;30.4160003662109
;Raw;Ammonia;11/1/2017 3:27:00 PM;137;0;30.3360004425049
;Raw;Ammonia;11/1/2017 3:28:00 PM;137;0;30.4043998718262
;Raw;Ammonia;11/1/2017 3:29:00 PM;137;0;30.4081993103027
;Raw;Ammonia;11/1/2017 3:30:00 PM;137;0;30.402099609375
;Raw;Ammonia;11/1/2017 3:31:00 PM;137;0;30.403600692749
;Raw;Ammonia;11/1/2017 3:32:00 PM;137;0;30.403299331665
;Raw;Ammonia;11/1/2017 3:33:00 PM;137;0;30.4127998352051
;Raw;Ammonia;11/1/2017 3:34:00 PM;137;0;30.4125003814697
;Raw;Ammonia;11/1/2017 3:35:00 PM;137;0;30.4116992950439
;Raw;Ammonia;11/1/2017 3:36:00 PM;137;0;30.4148006439209
;Raw;Ammonia;11/1/2017 3:37:00 PM;137;0;30.4853000640869
;Raw;Ammonia;11/1/2017 3:38:00 PM;137;0;30.4134006500244
;Raw;Ammonia;11/1/2017 3:39:00 PM;137;0;30.4046993255615
;Raw;Ammonia;11/1/2017 3:40:00 PM;137;0;30.4006996154785
;Raw;Ammonia;11/1/2017 3:41:00 PM;137;0;30.4055995941162
;Raw;Ammonia;11/1/2017 3:42:00 PM;137;0;30.4018993377686
;Raw;Ammonia;11/1/2017 3:43:00 PM;137;0;30.4120006561279
;Raw;Ammonia;11/1/2017 3:44:00 PM;137;0;30.4094009399414
;Raw;Ammonia;11/1/2017 3:45:00 PM;137;0;30.4137001037598
;Raw;Ammonia;11/1/2017 3:46:00 PM;137;0;30.4151992797852
;Raw;Ammonia;11/1/2017 3:47:00 PM;137;0;30.417200088501
;Raw;Ammonia;11/1/2017 3:48:00 PM;137;0;30.403299331665
;Raw;Ammonia;11/1/2017 3:49:00 PM;137;0;30.4078998565674
;Raw;Ammonia;11/1/2017 3:50:00 PM;137;0;30.4137001037598
;Raw;Ammonia;11/1/2017 3:51:00 PM;137;0;30.4125003814697
;Raw;Ammonia;11/1/2017 3:52:00 PM;137;0;30.3997993469238
;Raw;Ammonia;11/1/2017 3:53:00 PM;137;0;30.2395000457764
;Raw;Ammonia;11/1/2017 3:54:00 PM;137;0;30.160400390625
;Raw;Ammonia;11/1/2017 3:55:00 PM;137;0;30.1581001281738
;Raw;Ammonia;11/1/2017 3:56:00 PM;137;0;30.160400390625
;Raw;Ammonia;11/1/2017 3:57:00 PM;137;0;30.1583995819092
;Raw;Ammonia;11/1/2017 3:58:00 PM;137;0;30.1573009490967
;Raw;Ammonia;11/1/2017 3:59:00 PM;137;0;30.1650009155273
;Raw;Ammonia;11/1/2017 4:00:00 PM;137;0;30.0832996368408
;Raw;Ammonia;11/1/2017 4:01:00 PM;137;0;30.0912990570068
;Raw;Ammonia;11/1/2017 4:02:00 PM;137;0;30.0925006866455
;Raw;Ammonia;11/1/2017 4:03:00 PM;137;0;30.0916004180908
;Raw;Ammonia;11/1/2017 4:04:00 PM;137;0;30.0893001556396
;Raw;Ammonia;11/1/2017 4:05:00 PM;137;0;30.0778999328613
;Raw;Ammonia;11/1/2017 4:06:00 PM;137;0;30.0013008117676
;Raw;Ammonia;11/1/2017 4:07:00 PM;137;0;29.9302997589111
;Raw;Ammonia;11/1/2017 4:08:00 PM;137;0;29.8421001434326
;Raw;Ammonia;11/1/2017 4:09:00 PM;137;0;29.8432006835938
;Raw;Ammonia;11/1/2017 4:10:00 PM;137;0;29.7658004760742
;Raw;Ammonia;11/1/2017 4:11:00 PM;137;0;29.7632007598877
;Raw;Ammonia;11/1/2017 4:12:00 PM;137;0;29.7660999298096
;Raw;Ammonia;11/1/2017 4:13:00 PM;137;0;29.8397998809814
;Raw;Ammonia;11/1/2017 4:14:00 PM;137;0;29.7612991333008
;Raw;Ammonia;11/1/2017 4:15:00 PM;137;0;29.7621002197266
;Raw;Ammonia;11/1/2017 4:16:00 PM;137;0;29.7590007781982
;Raw;Ammonia;11/1/2017 4:17:00 PM;137;0;29.7534008026123
;Raw;Ammonia;11/1/2017 4:18:00 PM;137;0;29.7553005218506
;Raw;Ammonia;11/1/2017 4:19:00 PM;137;0;29.7530002593994
;Raw;Ammonia;11/1/2017 4:20:00 PM;137;0;29.7609996795654
;Raw;Ammonia;11/1/2017 4:21:00 PM;137;0;29.6690998077393
;Raw;Ammonia;11/1/2017 4:22:00 PM;137;0;29.6601009368896
;Raw;Ammonia;11/1/2017 4:23:00 PM;137;0;29.5788993835449
;Raw;Ammonia;11/1/2017 4:24:00 PM;137;0;29.5820007324219
;Raw;Ammonia;11/1/2017 4:25:00 PM;137;0;29.6623001098633
;Raw;Ammonia;11/1/2017 4:26:00 PM;137;0;29.5919990539551
;Raw;Ammonia;11/1/2017 4:27:00 PM;137;0;29.5949001312256
;Raw;Ammonia;11/1/2017 4:28:00 PM;137;0;29.5844993591309
;Raw;Ammonia;11/1/2017 4:29:00 PM;137;0;29.5893001556396
;Raw;Ammonia;11/1/2017 4:30:00 PM;137;0;29.5919990539551
;Raw;Ammonia;11/1/2017 4:31:00 PM;137;0;29.5953998565674
;Raw;Ammonia;11/1/2017 4:32:00 PM;137;0;29.5876007080078
;Raw;Ammonia;11/1/2017 4:33:00 PM;137;0;29.5792007446289
;Raw;Ammonia;11/1/2017 4:34:00 PM;137;0;29.4958992004395
;Raw;Ammonia;11/1/2017 4:35:00 PM;137;0;29.5062999725342
;Raw;Ammonia;11/1/2017 4:36:00 PM;137;0;29.425199508667
;Raw;Ammonia;11/1/2017 4:37:00 PM;137;0;29.4218997955322
;Raw;Ammonia;11/1/2017 4:38:00 PM;137;0;29.425500869751
;Raw;Ammonia;11/1/2017 4:39:00 PM;137;0;29.3430995941162
;Raw;Ammonia;11/1/2017 4:40:00 PM;137;0;29.3488006591797
;Raw;Ammonia;11/1/2017 4:41:00 PM;137;0;29.3514003753662
;Raw;Ammonia;11/1/2017 4:42:00 PM;137;0;29.417200088501
;Raw;Ammonia;11/1/2017 4:43:00 PM;137;0;29.3432998657227
;Raw;Ammonia;11/1/2017 4:44:00 PM;137;0;29.3409996032715
;Raw;Ammonia;11/1/2017 4:45:00 PM;137;0;29.342399597168
;Raw;Ammonia;11/1/2017 4:46:00 PM;137;0;29.2703990936279
;Raw;Ammonia;11/1/2017 4:47:00 PM;137;0;29.2670993804932
;Raw;Ammonia;11/1/2017 4:48:00 PM;137;0;29.1870002746582
;Raw;Ammonia;11/1/2017 4:49:00 PM;137;0;29.1854991912842
;Raw;Ammonia;11/1/2017 4:50:00 PM;137;0;29.1012001037598
;Raw;Ammonia;11/1/2017 4:51:00 PM;137;0;29.0198993682861
;Raw;Ammonia;11/1/2017 4:52:00 PM;137;0;28.9393005371094
;Raw;Ammonia;11/1/2017 4:53:00 PM;137;0;28.9426002502441
;Raw;Ammonia;11/1/2017 4:54:00 PM;137;0;28.951099395752
;Raw;Ammonia;11/1/2017 4:55:00 PM;137;0;28.880199432373
;Raw;Ammonia;11/1/2017 4:56:00 PM;137;0;28.9608993530273
;Raw;Ammonia;11/1/2017 4:57:00 PM;137;0;28.9619998931885
;Raw;Ammonia;11/1/2017 4:58:00 PM;137;0;28.9696998596191
;Raw;Ammonia;11/1/2017 4:59:00 PM;137;0;28.9768009185791
;Raw;Ammonia;11/1/2017 5:00:00 PM;137;0;28.9629001617432
;Raw;Ammonia;11/1/2017 5:01:00 PM;137;0;28.9577007293701
;Raw;Ammonia;11/1/2017 5:02:00 PM;137;0;28.9444999694824
;Raw;Ammonia;11/1/2017 5:03:00 PM;137;0;28.9393005371094
;Raw;Ammonia;11/1/2017 5:04:00 PM;137;0;28.7954006195068
;Raw;Ammonia;11/1/2017 5:05:00 PM;137;0;28.7198009490967
;Raw;Ammonia;11/1/2017 5:06:00 PM;137;0;28.7208995819092
;Raw;Ammonia;11/1/2017 5:07:00 PM;137;0;28.7943000793457
;Raw;Ammonia;11/1/2017 5:08:00 PM;137;0;28.7964992523193
;Raw;Ammonia;11/1/2017 5:09:00 PM;137;0;28.8001003265381
;Raw;Ammonia;11/1/2017 5:10:00 PM;137;0;28.798999786377
;Raw;Ammonia;11/1/2017 5:11:00 PM;137;0;28.8019008636475
;Raw;Ammonia;11/1/2017 5:12:00 PM;137;0;28.8096008300781
;Raw;Ammonia;11/1/2017 5:13:00 PM;137;0;28.8012008666992
;Raw;Ammonia;11/1/2017 5:14:00 PM;137;0;28.8696002960205
;Raw;Ammonia;11/1/2017 5:15:00 PM;137;0;28.8680000305176
;Raw;Ammonia;11/1/2017 5:16:00 PM;137;0;28.7926998138428
;Raw;Ammonia;11/1/2017 5:17:00 PM;137;0;28.7964992523193
;Raw;Ammonia;11/1/2017 5:18:00 PM;137;0;28.7183990478516
;Raw;Ammonia;11/1/2017 5:19:00 PM;137;0;28.7194995880127
;Raw;Ammonia;11/1/2017 5:20:00 PM;137;0;28.6429996490479
;Raw;Ammonia;11/1/2017 5:21:00 PM;137;0;28.637300491333
;Raw;Ammonia;11/1/2017 5:22:00 PM;137;0;28.5660991668701
;Raw;Ammonia;11/1/2017 5:23:00 PM;137;0;28.5685005187988
;Raw;Ammonia;11/1/2017 5:24:00 PM;137;0;28.5683002471924
;Raw;Ammonia;11/1/2017 5:25:00 PM;137;0;28.5695991516113
;Raw;Ammonia;11/1/2017 5:26:00 PM;137;0;28.6497993469238
;Raw;Ammonia;11/1/2017 5:27:00 PM;137;0;28.6527996063232
;Raw;Ammonia;11/1/2017 5:28:00 PM;137;0;28.8041000366211
;Raw;Ammonia;11/1/2017 5:29:00 PM;137;0;28.7238998413086
;Raw;Ammonia;11/1/2017 5:30:00 PM;137;0;28.6483993530273
;Raw;Ammonia;11/1/2017 5:31:00 PM;137;0;28.6438007354736
;Raw;Ammonia;11/1/2017 5:32:00 PM;137;0;28.5685005187988
;Raw;Ammonia;11/1/2017 5:33:00 PM;137;0;28.5751991271973
;Raw;Ammonia;11/1/2017 5:34:00 PM;137;0;28.4922008514404
;Raw;Ammonia;11/1/2017 5:35:00 PM;137;0;28.4929008483887
;Raw;Ammonia;11/1/2017 5:36:00 PM;137;0;28.4169998168945
;Raw;Ammonia;11/1/2017 5:37:00 PM;137;0;28.4178009033203
;Raw;Ammonia;11/1/2017 5:38:00 PM;137;0;28.418399810791
;Raw;Ammonia;11/1/2017 5:39:00 PM;137;0;28.4216003417969
;Raw;Ammonia;11/1/2017 5:40:00 PM;137;0;28.418399810791
;Raw;Ammonia;11/1/2017 5:41:00 PM;137;0;28.4286003112793
;Raw;Ammonia;11/1/2017 5:42:00 PM;137;0;28.4286003112793
;Raw;Ammonia;11/1/2017 5:43:00 PM;137;0;28.4976005554199
;Raw;Ammonia;11/1/2017 5:44:00 PM;137;0;28.4251003265381
;Raw;Ammonia;11/1/2017 5:45:00 PM;137;0;28.42799949646
;Raw;Ammonia;11/1/2017 5:46:00 PM;137;0;28.4274997711182
;Raw;Ammonia;11/1/2017 5:47:00 PM;137;0;28.4186992645264
;Raw;Ammonia;11/1/2017 5:48:00 PM;137;0;28.4972991943359
;Raw;Ammonia;11/1/2017 5:49:00 PM;137;0;28.4178009033203
;Raw;Ammonia;11/1/2017 5:50:00 PM;137;0;28.4237995147705
;Raw;Ammonia;11/1/2017 5:51:00 PM;137;0;28.3481998443604
;Raw;Ammonia;11/1/2017 5:52:00 PM;137;0;28.3493003845215
;Raw;Ammonia;11/1/2017 5:53:00 PM;137;0;28.346700668335
;Raw;Ammonia;11/1/2017 5:54:00 PM;137;0;28.3556003570557
;Raw;Ammonia;11/1/2017 5:55:00 PM;137;0;28.3600006103516
;Raw;Ammonia;11/1/2017 5:56:00 PM;137;0;28.3717994689941
;Raw;Ammonia;11/1/2017 5:57:00 PM;137;0;28.4377994537354
;Raw;Ammonia;11/1/2017 5:58:00 PM;137;0;28.3729000091553
;Raw;Ammonia;11/1/2017 5:59:00 PM;137;0;28.3705005645752
;Raw;Ammonia;11/1/2017 6:00:00 PM;137;0;28.3635005950928
;Raw;Ammonia;11/1/2017 6:01:00 PM;137;0;28.3782997131348
;Raw;Ammonia;11/1/2017 6:02:00 PM;137;0;28.4417991638184
;Raw;Ammonia;11/1/2017 6:03:00 PM;137;0;28.3770008087158
;Raw;Ammonia;11/1/2017 6:04:00 PM;137;0;28.3591995239258
;Raw;Ammonia;11/1/2017 6:05:00 PM;137;0;28.4326000213623
;Raw;Ammonia;11/1/2017 6:06:00 PM;137;0;28.4249000549316
;Raw;Ammonia;11/1/2017 6:07:00 PM;137;0;28.426399230957
;Raw;Ammonia;11/1/2017 6:08:00 PM;137;0;28.3516998291016
;Raw;Ammonia;11/1/2017 6:09:00 PM;137;0;28.3563003540039
;Raw;Ammonia;11/1/2017 6:10:00 PM;137;0;28.2823009490967
;Raw;Ammonia;11/1/2017 6:11:00 PM;137;0;28.2096004486084
;Raw;Ammonia;11/1/2017 6:12:00 PM;137;0;28.2015991210938
;Raw;Ammonia;11/1/2017 6:13:00 PM;137;0;28.138599395752
;Raw;Ammonia;11/1/2017 6:14:00 PM;137;0;28.2191009521484
;Raw;Ammonia;11/1/2017 6:15:00 PM;137;0;28.1467990875244
;Raw;Ammonia;11/1/2017 6:16:00 PM;137;0;28.1410999298096
;Raw;Ammonia;11/1/2017 6:17:00 PM;137;0;28.1301002502441
;Raw;Ammonia;11/1/2017 6:18:00 PM;137;0;28.1319999694824
;Raw;Ammonia;11/1/2017 6:19:00 PM;137;0;28.1345996856689
;Raw;Ammonia;11/1/2017 6:20:00 PM;137;0;28.0622997283936
;Raw;Ammonia;11/1/2017 6:21:00 PM;137;0;28.0587997436523
;Raw;Ammonia;11/1/2017 6:22:00 PM;137;0;28.0622997283936
;Raw;Ammonia;11/1/2017 6:23:00 PM;137;0;27.993200302124
;Raw;Ammonia;11/1/2017 6:24:00 PM;137;0;27.9827003479004
;Raw;Ammonia;11/1/2017 6:25:00 PM;137;0;27.910400390625
;Raw;Ammonia;11/1/2017 6:26:00 PM;137;0;27.9141006469727
;Raw;Ammonia;11/1/2017 6:27:00 PM;137;0;27.8467998504639
;Raw;Ammonia;11/1/2017 6:28:00 PM;137;0;27.8393993377686
;Raw;Ammonia;11/1/2017 6:29:00 PM;137;0;27.8404006958008
;Raw;Ammonia;11/1/2017 6:30:00 PM;137;0;27.8355007171631
;Raw;Ammonia;11/1/2017 6:31:00 PM;137;0;27.8376007080078
;Raw;Ammonia;11/1/2017 6:32:00 PM;137;0;27.8397006988525
;Raw;Ammonia;11/1/2017 6:33:00 PM;137;0;27.8386001586914
;Raw;Ammonia;11/1/2017 6:34:00 PM;137;0;27.7761993408203
;Raw;Ammonia;11/1/2017 6:35:00 PM;137;0;27.7679996490479
;Raw;Ammonia;11/1/2017 6:36:00 PM;137;0;27.8425998687744
;Raw;Ammonia;11/1/2017 6:37:00 PM;137;0;27.774299621582
;Raw;Ammonia;11/1/2017 6:38:00 PM;137;0;27.8407001495361
;Raw;Ammonia;11/1/2017 6:39:00 PM;137;0;27.7712001800537
;Raw;Ammonia;11/1/2017 6:40:00 PM;137;0;27.6937007904053
;Raw;Ammonia;11/1/2017 6:41:00 PM;137;0;27.6916007995605
;Raw;Ammonia;11/1/2017 6:42:00 PM;137;0;27.6205997467041
;Raw;Ammonia;11/1/2017 6:43:00 PM;137;0;27.6187992095947
;Raw;Ammonia;11/1/2017 6:44:00 PM;137;0;27.6236991882324
;Raw;Ammonia;11/1/2017 6:45:00 PM;137;0;27.6991996765137
;Raw;Ammonia;11/1/2017 6:46:00 PM;137;0;27.6243000030518
;Raw;Ammonia;11/1/2017 6:47:00 PM;137;0;27.6245994567871
;Raw;Ammonia;11/1/2017 6:48:00 PM;137;0;27.5601005554199
;Raw;Ammonia;11/1/2017 6:49:00 PM;137;0;27.5447998046875
;Raw;Ammonia;11/1/2017 6:50:00 PM;137;0;27.5459003448486
;Raw;Ammonia;11/1/2017 6:51:00 PM;137;0;27.5550003051758
;Raw;Ammonia;11/1/2017 6:52:00 PM;137;0;27.5552005767822
;Raw;Ammonia;11/1/2017 6:53:00 PM;137;0;27.5531997680664
;Raw;Ammonia;11/1/2017 6:54:00 PM;137;0;27.5508003234863
;Raw;Ammonia;11/1/2017 6:55:00 PM;137;0;27.4846000671387
;Raw;Ammonia;11/1/2017 6:56:00 PM;137;0;27.5638008117676
;Raw;Ammonia;11/1/2017 6:57:00 PM;137;0;27.4999008178711
;Raw;Ammonia;11/1/2017 6:58:00 PM;137;0;27.5673999786377
;Raw;Ammonia;11/1/2017 6:59:00 PM;137;0;27.4969997406006
;Raw;Ammonia;11/1/2017 7:00:00 PM;137;0;27.5729007720947
;Raw;Ammonia;11/1/2017 7:01:00 PM;137;0;27.5076999664307
;Raw;Ammonia;11/1/2017 7:02:00 PM;137;0;27.5195999145508
;Raw;Ammonia;11/1/2017 7:03:00 PM;137;0;27.5021991729736
;Raw;Ammonia;11/1/2017 7:04:00 PM;137;0;27.5091991424561
;Raw;Ammonia;11/1/2017 7:05:00 PM;137;0;27.5125999450684
;Raw;Ammonia;11/1/2017 7:06:00 PM;137;0;27.5853996276855
;Raw;Ammonia;11/1/2017 7:07:00 PM;137;0;27.4769992828369
;Raw;Ammonia;11/1/2017 7:08:00 PM;137;0;27.4832000732422
;Raw;Ammonia;11/1/2017 7:09:00 PM;137;0;27.4902992248535
;Raw;Ammonia;11/1/2017 7:10:00 PM;137;0;27.417200088501
;Raw;Ammonia;11/1/2017 7:11:00 PM;137;0;27.4006004333496
;Raw;Ammonia;11/1/2017 7:12:00 PM;137;0;27.328800201416
;Raw;Ammonia;11/1/2017 7:13:00 PM;137;0;27.2560997009277
;Raw;Ammonia;11/1/2017 7:14:00 PM;137;0;27.2604999542236
;Raw;Ammonia;11/1/2017 7:15:00 PM;137;0;27.1951007843018
;Raw;Ammonia;11/1/2017 7:16:00 PM;137;0;27.2045993804932
;Raw;Ammonia;11/1/2017 7:17:00 PM;137;0;27.1315002441406
;Raw;Ammonia;11/1/2017 7:18:00 PM;137;0;27.2702007293701
;Raw;Ammonia;11/1/2017 7:19:00 PM;137;0;27.2598991394043
;Raw;Ammonia;11/1/2017 7:20:00 PM;137;0;27.1919994354248
;Raw;Ammonia;11/1/2017 7:21:00 PM;137;0;27.1909999847412
;Raw;Ammonia;11/1/2017 7:22:00 PM;137;0;27.119499206543
;Raw;Ammonia;11/1/2017 7:23:00 PM;137;0;27.0499000549316
;Raw;Ammonia;11/1/2017 7:24:00 PM;137;0;27.0587997436523
;Raw;Ammonia;11/1/2017 7:25:00 PM;137;0;26.9890995025635
;Raw;Ammonia;11/1/2017 7:26:00 PM;137;0;26.9913005828857
;Raw;Ammonia;11/1/2017 7:27:00 PM;137;0;26.9202995300293
;Raw;Ammonia;11/1/2017 7:28:00 PM;137;0;26.8551998138428
;Raw;Ammonia;11/1/2017 7:29:00 PM;137;0;26.847900390625
;Raw;Ammonia;11/1/2017 7:30:00 PM;137;0;26.7686996459961
;Raw;Ammonia;11/1/2017 7:31:00 PM;137;0;26.775899887085
;Raw;Ammonia;11/1/2017 7:32:00 PM;137;0;26.7660999298096
;Raw;Ammonia;11/1/2017 7:33:00 PM;137;0;26.7640991210938
;Raw;Ammonia;11/1/2017 7:34:00 PM;137;0;26.7630996704102
;Raw;Ammonia;11/1/2017 7:35:00 PM;137;0;26.765100479126
;Raw;Ammonia;11/1/2017 7:36:00 PM;137;0;26.6991004943848
;Raw;Ammonia;11/1/2017 7:37:00 PM;137;0;26.6961002349854
;Raw;Ammonia;11/1/2017 7:38:00 PM;137;0;26.6919002532959
;Raw;Ammonia;11/1/2017 7:39:00 PM;137;0;26.6270999908447
;Raw;Ammonia;11/1/2017 7:40:00 PM;137;0;26.6273994445801
;Raw;Ammonia;11/1/2017 7:41:00 PM;137;0;26.6333999633789
;Raw;Ammonia;11/1/2017 7:42:00 PM;137;0;26.6240997314453
;Raw;Ammonia;11/1/2017 7:43:00 PM;137;0;26.631799697876
;Raw;Ammonia;11/1/2017 7:44:00 PM;137;0;26.6396007537842
;Raw;Ammonia;11/1/2017 7:45:00 PM;137;0;26.6373996734619
;Raw;Ammonia;11/1/2017 7:46:00 PM;137;0;26.6415996551514
;Raw;Ammonia;11/1/2017 7:47:00 PM;137;0;26.6445999145508
;Raw;Ammonia;11/1/2017 7:48:00 PM;137;0;26.6466007232666
;Raw;Ammonia;11/1/2017 7:49:00 PM;137;0;26.6345996856689
;Raw;Ammonia;11/1/2017 7:50:00 PM;137;0;26.6387996673584
;Raw;Ammonia;11/1/2017 7:51:00 PM;137;0;26.5652008056641
;Raw;Ammonia;11/1/2017 7:52:00 PM;137;0;26.6294994354248
;Raw;Ammonia;11/1/2017 7:53:00 PM;137;0;26.5531997680664
;Raw;Ammonia;11/1/2017 7:54:00 PM;137;0;26.6224002838135
;Raw;Ammonia;11/1/2017 7:55:00 PM;137;0;26.6294994354248
;Raw;Ammonia;11/1/2017 7:56:00 PM;137;0;26.6415996551514
;Raw;Ammonia;11/1/2017 7:57:00 PM;137;0;26.6406002044678
;Raw;Ammonia;11/1/2017 7:58:00 PM;137;0;26.6387996673584
;Raw;Ammonia;11/1/2017 7:59:00 PM;137;0;26.6371002197266
;Raw;Ammonia;11/1/2017 8:00:00 PM;137;0;26.7061996459961
;Raw;Ammonia;11/1/2017 8:01:00 PM;137;0;26.7800006866455
;Raw;Ammonia;11/1/2017 8:02:00 PM;137;0;26.8491992950439
;Raw;Ammonia;11/1/2017 8:03:00 PM;137;0;26.8589992523193
;Raw;Ammonia;11/1/2017 8:04:00 PM;137;0;26.9232997894287
;Raw;Ammonia;11/1/2017 8:05:00 PM;137;0;26.9111995697021
;Raw;Ammonia;11/1/2017 8:06:00 PM;137;0;26.9874992370605
;Raw;Ammonia;11/1/2017 8:07:00 PM;137;0;26.9841995239258
;Raw;Ammonia;11/1/2017 8:08:00 PM;137;0;27.0617008209229
;Raw;Ammonia;11/1/2017 8:09:00 PM;137;0;27.0620994567871
;Raw;Ammonia;11/1/2017 8:10:00 PM;137;0;27.0624008178711
;Raw;Ammonia;11/1/2017 8:11:00 PM;137;0;27.0580005645752
;Raw;Ammonia;11/1/2017 8:12:00 PM;137;0;27.056999206543
;Raw;Ammonia;11/1/2017 8:13:00 PM;137;0;27.0526008605957
;Raw;Ammonia;11/1/2017 8:14:00 PM;137;0;26.9129009246826
;Raw;Ammonia;11/1/2017 8:15:00 PM;137;0;26.841100692749
;Raw;Ammonia;11/1/2017 8:16:00 PM;137;0;26.775899887085
;Raw;Ammonia;11/1/2017 8:17:00 PM;137;0;26.7014007568359
;Raw;Ammonia;11/1/2017 8:18:00 PM;137;0;26.5664005279541
;Raw;Ammonia;11/1/2017 8:19:00 PM;137;0;26.5028991699219
;Raw;Ammonia;11/1/2017 8:20:00 PM;137;0;26.4340991973877
;Raw;Ammonia;11/1/2017 8:21:00 PM;137;0;26.3652000427246
;Raw;Ammonia;11/1/2017 8:22:00 PM;137;0;26.293399810791
;Raw;Ammonia;11/1/2017 8:23:00 PM;137;0;26.2180004119873
;Raw;Ammonia;11/1/2017 8:24:00 PM;137;0;26.0748996734619
;Raw;Ammonia;11/1/2017 8:25:00 PM;137;0;26.0814990997314
;Raw;Ammonia;11/1/2017 8:26:00 PM;137;0;26.0949001312256
;Raw;Ammonia;11/1/2017 8:27:00 PM;137;0;26.0962009429932
;Raw;Ammonia;11/1/2017 8:28:00 PM;137;0;26.1007995605469
;Raw;Ammonia;11/1/2017 8:29:00 PM;137;0;26.0955009460449
;Raw;Ammonia;11/1/2017 8:30:00 PM;137;0;26.0879993438721
;Raw;Ammonia;11/1/2017 8:31:00 PM;137;0;26.1525993347168
;Raw;Ammonia;11/1/2017 8:32:00 PM;137;0;26.1564998626709
;Raw;Ammonia;11/1/2017 8:33:00 PM;137;0;26.2219009399414
;Raw;Ammonia;11/1/2017 8:34:00 PM;137;0;26.2276000976563
;Raw;Ammonia;11/1/2017 8:35:00 PM;137;0;26.2255992889404
;Raw;Ammonia;11/1/2017 8:36:00 PM;137;0;26.2971000671387
;Raw;Ammonia;11/1/2017 8:37:00 PM;137;0;26.293399810791
;Raw;Ammonia;11/1/2017 8:38:00 PM;137;0;26.293399810791
;Raw;Ammonia;11/1/2017 8:39:00 PM;137;0;26.2187004089355
;Raw;Ammonia;11/1/2017 8:40:00 PM;137;0;26.2168006896973
;Raw;Ammonia;11/1/2017 8:41:00 PM;137;0;26.1459999084473
;Raw;Ammonia;11/1/2017 8:42:00 PM;137;0;26.077299118042
;Raw;Ammonia;11/1/2017 8:43:00 PM;137;0;26.0781993865967
;Raw;Ammonia;11/1/2017 8:44:00 PM;137;0;26.0860996246338
;Raw;Ammonia;11/1/2017 8:45:00 PM;137;0;26.0837001800537
;Raw;Ammonia;11/1/2017 8:46:00 PM;137;0;26.0212001800537
;Raw;Ammonia;11/1/2017 8:47:00 PM;137;0;26.0182991027832
;Raw;Ammonia;11/1/2017 8:48:00 PM;137;0;26.0209999084473
;Raw;Ammonia;11/1/2017 8:49:00 PM;137;0;26.027099609375
;Raw;Ammonia;11/1/2017 8:50:00 PM;137;0;26.0287990570068
;Raw;Ammonia;11/1/2017 8:51:00 PM;137;0;26.0261001586914
;Raw;Ammonia;11/1/2017 8:52:00 PM;137;0;26.0284004211426
;Raw;Ammonia;11/1/2017 8:53:00 PM;137;0;26.0170993804932
;Raw;Ammonia;11/1/2017 8:54:00 PM;137;0;26.0160999298096
;Raw;Ammonia;11/1/2017 8:55:00 PM;137;0;26.0144004821777
;Raw;Ammonia;11/1/2017 8:56:00 PM;137;0;26.153600692749
;Raw;Ammonia;11/1/2017 8:57:00 PM;137;0;26.1623992919922
;Raw;Ammonia;11/1/2017 8:58:00 PM;137;0;26.2285995483398
;Raw;Ammonia;11/1/2017 8:59:00 PM;137;0;26.2133007049561
;Raw;Ammonia;11/1/2017 9:00:00 PM;137;0;26.2185001373291
;Raw;Ammonia;11/1/2017 9:01:00 PM;137;0;26.2984008789063
;Raw;Ammonia;11/1/2017 9:02:00 PM;137;0;26.3034000396729
;Raw;Ammonia;11/1/2017 9:03:00 PM;137;0;26.2991008758545
;Raw;Ammonia;11/1/2017 9:04:00 PM;137;0;26.2957000732422
;Raw;Ammonia;11/1/2017 9:05:00 PM;137;0;26.3008995056152
;Raw;Ammonia;11/1/2017 9:06:00 PM;137;0;26.292200088501
;Raw;Ammonia;11/1/2017 9:07:00 PM;137;0;26.2175998687744
;Raw;Ammonia;11/1/2017 9:08:00 PM;137;0;26.153600692749
;Raw;Ammonia;11/1/2017 9:09:00 PM;137;0;26.081600189209
;Raw;Ammonia;11/1/2017 9:10:00 PM;137;0;25.9545993804932
;Raw;Ammonia;11/1/2017 9:11:00 PM;137;0;25.8866004943848
;Raw;Ammonia;11/1/2017 9:12:00 PM;137;0;25.8924999237061
;Raw;Ammonia;11/1/2017 9:13:00 PM;137;0;25.7418003082275
;Raw;Ammonia;11/1/2017 9:14:00 PM;137;0;25.6767997741699
;Raw;Ammonia;11/1/2017 9:15:00 PM;137;0;25.6145992279053
;Raw;Ammonia;11/1/2017 9:16:00 PM;137;0;25.5520992279053
;Raw;Ammonia;11/1/2017 9:17:00 PM;137;0;25.4923000335693
;Raw;Ammonia;11/1/2017 9:18:00 PM;137;0;25.4293003082275
;Raw;Ammonia;11/1/2017 9:19:00 PM;137;0;25.3567008972168
;Raw;Ammonia;11/1/2017 9:20:00 PM;137;0;25.2712993621826
;Raw;Ammonia;11/1/2017 9:21:00 PM;137;0;25.2735004425049
;Raw;Ammonia;11/1/2017 9:22:00 PM;137;0;25.2098999023438
;Raw;Ammonia;11/1/2017 9:23:00 PM;137;0;25.1392993927002
;Raw;Ammonia;11/1/2017 9:24:00 PM;137;0;25.2036991119385
;Raw;Ammonia;11/1/2017 9:25:00 PM;137;0;25.2077007293701
;Raw;Ammonia;11/1/2017 9:26:00 PM;137;0;25.2063007354736
;Raw;Ammonia;11/1/2017 9:27:00 PM;137;0;25.2019996643066
;Raw;Ammonia;11/1/2017 9:28:00 PM;137;0;25.2075004577637
;Raw;Ammonia;11/1/2017 9:29:00 PM;137;0;25.1998996734619
;Raw;Ammonia;11/1/2017 9:30:00 PM;137;0;25.1977996826172
;Raw;Ammonia;11/1/2017 9:31:00 PM;137;0;25.2639999389648
;Raw;Ammonia;11/1/2017 9:32:00 PM;137;0;25.2628002166748
;Raw;Ammonia;11/1/2017 9:33:00 PM;137;0;25.3393993377686
;Raw;Ammonia;11/1/2017 9:34:00 PM;137;0;25.339599609375
;Raw;Ammonia;11/1/2017 9:35:00 PM;137;0;25.3353996276855
;Raw;Ammonia;11/1/2017 9:36:00 PM;137;0;25.2670993804932
;Raw;Ammonia;11/1/2017 9:37:00 PM;137;0;25.1986999511719
;Raw;Ammonia;11/1/2017 9:38:00 PM;137;0;25.1394996643066
;Raw;Ammonia;11/1/2017 9:39:00 PM;137;0;25.0718994140625
;Raw;Ammonia;11/1/2017 9:40:00 PM;137;0;24.9423007965088
;Raw;Ammonia;11/1/2017 9:41:00 PM;137;0;24.7404003143311
;Raw;Ammonia;11/1/2017 9:42:00 PM;137;0;24.6170997619629
;Raw;Ammonia;11/1/2017 9:43:00 PM;137;0;24.5571002960205
;Raw;Ammonia;11/1/2017 9:44:00 PM;137;0;24.4890995025635
;Raw;Ammonia;11/1/2017 9:45:00 PM;137;0;24.494800567627
;Raw;Ammonia;11/1/2017 9:46:00 PM;137;0;24.426399230957
;Raw;Ammonia;11/1/2017 9:47:00 PM;137;0;24.3652000427246
;Raw;Ammonia;11/1/2017 9:48:00 PM;137;0;24.2373008728027
;Raw;Ammonia;11/1/2017 9:49:00 PM;137;0;24.1744995117188
;Raw;Ammonia;11/1/2017 9:50:00 PM;137;0;24.1068000793457
;Raw;Ammonia;11/1/2017 9:51:00 PM;137;0;23.9790000915527
;Raw;Ammonia;11/1/2017 9:52:00 PM;137;0;23.8498001098633
;Raw;Ammonia;11/1/2017 9:53:00 PM;137;0;23.789400100708
;Raw;Ammonia;11/1/2017 9:54:00 PM;137;0;23.7262001037598
;Raw;Ammonia;11/1/2017 9:55:00 PM;137;0;23.6667003631592
;Raw;Ammonia;11/1/2017 9:56:00 PM;137;0;23.6089000701904
;Raw;Ammonia;11/1/2017 9:57:00 PM;137;0;23.5429000854492
;Raw;Ammonia;11/1/2017 9:58:00 PM;137;0;23.5596008300781
;Raw;Ammonia;11/1/2017 9:59:00 PM;137;0;23.4976997375488
;Raw;Ammonia;11/1/2017 10:00:00 PM;137;0;23.4281997680664
;Raw;Ammonia;11/1/2017 10:01:00 PM;137;0;23.4246997833252
;Raw;Ammonia;11/1/2017 10:02:00 PM;137;0;23.3633995056152
;Raw;Ammonia;11/1/2017 10:03:00 PM;137;0;23.3659992218018
;Raw;Ammonia;11/1/2017 10:04:00 PM;137;0;23.2928009033203
;Raw;Ammonia;11/1/2017 10:05:00 PM;137;0;23.298900604248
;Raw;Ammonia;11/1/2017 10:06:00 PM;137;0;23.2998008728027
;Raw;Ammonia;11/1/2017 10:07:00 PM;137;0;23.3027992248535
;Raw;Ammonia;11/1/2017 10:08:00 PM;137;0;23.25
;Raw;Ammonia;11/1/2017 10:09:00 PM;137;0;23.244499206543
;Raw;Ammonia;11/1/2017 10:10:00 PM;137;0;23.2367000579834
;Raw;Ammonia;11/1/2017 10:11:00 PM;137;0;23.1835994720459
;Raw;Ammonia;11/1/2017 10:12:00 PM;137;0;23.172399520874
;Raw;Ammonia;11/1/2017 10:13:00 PM;137;0;23.1753997802734
;Raw;Ammonia;11/1/2017 10:14:00 PM;137;0;23.1196002960205
;Raw;Ammonia;11/1/2017 10:15:00 PM;137;0;23.1308002471924
;Raw;Ammonia;11/1/2017 10:16:00 PM;137;0;23.1308002471924
;Raw;Ammonia;11/1/2017 10:17:00 PM;137;0;23.1305999755859
;Raw;Ammonia;11/1/2017 10:18:00 PM;137;0;23.1305999755859
;Raw;Ammonia;11/1/2017 10:19:00 PM;137;0;23.1201000213623
;Raw;Ammonia;11/1/2017 10:20:00 PM;137;0;23.0571002960205
;Raw;Ammonia;11/1/2017 10:21:00 PM;137;0;23.054500579834
;Raw;Ammonia;11/1/2017 10:22:00 PM;137;0;23.0536003112793
;Raw;Ammonia;11/1/2017 10:23:00 PM;137;0;23.0536003112793
;Raw;Ammonia;11/1/2017 10:24:00 PM;137;0;23.0475006103516
;Raw;Ammonia;11/1/2017 10:25:00 PM;137;0;23.0470008850098
;Raw;Ammonia;11/1/2017 10:26:00 PM;137;0;23.0485000610352
;Raw;Ammonia;11/1/2017 10:27:00 PM;137;0;22.9899997711182
;Raw;Ammonia;11/1/2017 10:28:00 PM;137;0;22.9955997467041
;Raw;Ammonia;11/1/2017 10:29:00 PM;137;0;23.0053997039795
;Raw;Ammonia;11/1/2017 10:30:00 PM;137;0;22.9887008666992
;Raw;Ammonia;11/1/2017 10:31:00 PM;137;0;22.9372005462646
;Raw;Ammonia;11/1/2017 10:32:00 PM;137;0;22.9297008514404
;Raw;Ammonia;11/1/2017 10:33:00 PM;137;0;22.9286003112793
;Raw;Ammonia;11/1/2017 10:34:00 PM;137;0;22.9314002990723
;Raw;Ammonia;11/1/2017 10:35:00 PM;137;0;22.8652992248535
;Raw;Ammonia;11/1/2017 10:36:00 PM;137;0;22.9269008636475
;Raw;Ammonia;11/1/2017 10:37:00 PM;137;0;22.8663997650146
;Raw;Ammonia;11/1/2017 10:38:00 PM;137;0;22.8708992004395
;Raw;Ammonia;11/1/2017 10:39:00 PM;137;0;22.867000579834
;Raw;Ammonia;11/1/2017 10:40:00 PM;137;0;22.8703994750977
;Raw;Ammonia;11/1/2017 10:41:00 PM;137;0;22.8652992248535
;Raw;Ammonia;11/1/2017 10:42:00 PM;137;0;22.8679008483887
;Raw;Ammonia;11/1/2017 10:43:00 PM;137;0;22.8719005584717
;Raw;Ammonia;11/1/2017 10:44:00 PM;137;0;22.8726997375488
;Raw;Ammonia;11/1/2017 10:45:00 PM;137;0;22.871000289917
;Raw;Ammonia;11/1/2017 10:46:00 PM;137;0;22.8729991912842
;Raw;Ammonia;11/1/2017 10:47:00 PM;137;0;22.8675994873047
;Raw;Ammonia;11/1/2017 10:48:00 PM;137;0;22.8607997894287
;Raw;Ammonia;11/1/2017 10:49:00 PM;137;0;22.8703994750977
;Raw;Ammonia;11/1/2017 10:50:00 PM;137;0;22.8780994415283
;Raw;Ammonia;11/1/2017 10:51:00 PM;137;0;22.8617000579834
;Raw;Ammonia;11/1/2017 10:52:00 PM;137;0;22.8619003295898
;Raw;Ammonia;11/1/2017 10:53:00 PM;137;0;22.864200592041
;Raw;Ammonia;11/1/2017 10:54:00 PM;137;0;22.8684997558594
;Raw;Ammonia;11/1/2017 10:55:00 PM;137;0;22.8684997558594
;Raw;Ammonia;11/1/2017 10:56:00 PM;137;0;22.87380027771
;Raw;Ammonia;11/1/2017 10:57:00 PM;137;0;22.8668003082275
;Raw;Ammonia;11/1/2017 10:58:00 PM;137;0;22.925199508667
;Raw;Ammonia;11/1/2017 10:59:00 PM;137;0;22.923999786377
;Raw;Ammonia;11/1/2017 11:00:00 PM;137;0;22.9274005889893
;Raw;Ammonia;11/1/2017 11:01:00 PM;137;0;22.92799949646
;Raw;Ammonia;11/1/2017 11:02:00 PM;137;0;22.9246006011963
;Raw;Ammonia;11/1/2017 11:03:00 PM;137;0;22.9277992248535
;Raw;Ammonia;11/1/2017 11:04:00 PM;137;0;22.9365005493164
;Raw;Ammonia;11/1/2017 11:05:00 PM;137;0;22.9372005462646
;Raw;Ammonia;11/1/2017 11:06:00 PM;137;0;22.9314002990723
;Raw;Ammonia;11/1/2017 11:07:00 PM;137;0;22.9284000396729
;Raw;Ammonia;11/1/2017 11:08:00 PM;137;0;22.9302997589111
;Raw;Ammonia;11/1/2017 11:09:00 PM;137;0;22.9340000152588
;Raw;Ammonia;11/1/2017 11:10:00 PM;137;0;22.9319000244141
;Raw;Ammonia;11/1/2017 11:11:00 PM;137;0;22.9354000091553
;Raw;Ammonia;11/1/2017 11:12:00 PM;137;0;22.931999206543
;Raw;Ammonia;11/1/2017 11:13:00 PM;137;0;22.9365005493164
;Raw;Ammonia;11/1/2017 11:14:00 PM;137;0;22.9286003112793
;Raw;Ammonia;11/1/2017 11:15:00 PM;137;0;22.9330997467041
;Raw;Ammonia;11/1/2017 11:16:00 PM;137;0;22.9347991943359
;Raw;Ammonia;11/1/2017 11:17:00 PM;137;0;22.9316997528076
;Raw;Ammonia;11/1/2017 11:18:00 PM;137;0;22.9347991943359
;Raw;Ammonia;11/1/2017 11:19:00 PM;137;0;22.9967994689941
;Raw;Ammonia;11/1/2017 11:20:00 PM;137;0;23.0018005371094
;Raw;Ammonia;11/1/2017 11:21:00 PM;137;0;22.9447994232178
;Raw;Ammonia;11/1/2017 11:22:00 PM;137;0;23.0020008087158
;Raw;Ammonia;11/1/2017 11:23:00 PM;137;0;22.9999008178711
;Raw;Ammonia;11/1/2017 11:24:00 PM;137;0;22.9297008514404
;Raw;Ammonia;11/1/2017 11:25:00 PM;137;0;22.9918994903564
;Raw;Ammonia;11/1/2017 11:26:00 PM;137;0;22.9897003173828
;Raw;Ammonia;11/1/2017 11:27:00 PM;137;0;22.9878997802734
;Raw;Ammonia;11/1/2017 11:28:00 PM;137;0;22.9962005615234
;Raw;Ammonia;11/1/2017 11:29:00 PM;137;0;23.0037002563477
;Raw;Ammonia;11/1/2017 11:30:00 PM;137;0;22.9915008544922
;Raw;Ammonia;11/1/2017 11:31:00 PM;137;0;22.92799949646
;Raw;Ammonia;11/1/2017 11:32:00 PM;137;0;22.931999206543
;Raw;Ammonia;11/1/2017 11:33:00 PM;137;0;22.8815002441406
;Raw;Ammonia;11/1/2017 11:34:00 PM;137;0;22.806999206543
;Raw;Ammonia;11/1/2017 11:35:00 PM;137;0;22.8155002593994
;Raw;Ammonia;11/1/2017 11:36:00 PM;137;0;22.7420997619629
;Raw;Ammonia;11/1/2017 11:37:00 PM;137;0;22.7460994720459
;Raw;Ammonia;11/1/2017 11:38:00 PM;137;0;22.6891994476318
;Raw;Ammonia;11/1/2017 11:39:00 PM;137;0;22.6250991821289
;Raw;Ammonia;11/1/2017 11:40:00 PM;137;0;22.6322002410889
;Raw;Ammonia;11/1/2017 11:41:00 PM;137;0;22.6221008300781
;Raw;Ammonia;11/1/2017 11:42:00 PM;137;0;22.5575008392334
;Raw;Ammonia;11/1/2017 11:43:00 PM;137;0;22.5583000183105
;Raw;Ammonia;11/1/2017 11:44:00 PM;137;0;22.4974994659424
;Raw;Ammonia;11/1/2017 11:45:00 PM;137;0;22.4358997344971
;Raw;Ammonia;11/1/2017 11:46:00 PM;137;0;22.4374008178711
;Raw;Ammonia;11/1/2017 11:47:00 PM;137;0;22.4433994293213
;Raw;Ammonia;11/1/2017 11:48:00 PM;137;0;22.3789005279541
;Raw;Ammonia;11/1/2017 11:49:00 PM;137;0;22.4377994537354
;Raw;Ammonia;11/1/2017 11:50:00 PM;137;0;22.3803997039795
;Raw;Ammonia;11/1/2017 11:51:00 PM;137;0;22.3775005340576
;Raw;Ammonia;11/1/2017 11:52:00 PM;137;0;22.3789005279541
;Raw;Ammonia;11/1/2017 11:53:00 PM;137;0;22.3756008148193
;Raw;Ammonia;11/1/2017 11:54:00 PM;137;0;22.3780994415283
;Raw;Ammonia;11/1/2017 11:55:00 PM;137;0;22.3794002532959
;Raw;Ammonia;11/1/2017 11:56:00 PM;137;0;22.3218002319336
;Raw;Ammonia;11/1/2017 11:57:00 PM;137;0;22.3738994598389
;Raw;Ammonia;11/1/2017 11:58:00 PM;137;0;22.3745002746582
;Raw;Ammonia;11/1/2017 11:59:00 PM;137;0;22.3736991882324
;Raw;Ammonia;11/2/2017 12:00:00 AM;137;0;22.3770008087158
;Raw;Ammonia;11/2/2017 12:01:00 AM;137;0;22.3771991729736
;Raw;Ammonia;11/2/2017 12:02:00 AM;137;0;22.3787002563477
;Raw;Ammonia;11/2/2017 12:03:00 AM;137;0;22.3778991699219
;Raw;Ammonia;11/2/2017 12:04:00 AM;137;0;22.3696002960205
;Raw;Ammonia;11/2/2017 12:05:00 AM;137;0;22.3125
;Raw;Ammonia;11/2/2017 12:06:00 AM;137;0;22.3122997283936
;Raw;Ammonia;11/2/2017 12:07:00 AM;137;0;22.3185005187988
;Raw;Ammonia;11/2/2017 12:08:00 AM;137;0;22.3108005523682
;Raw;Ammonia;11/2/2017 12:09:00 AM;137;0;22.243200302124
;Raw;Ammonia;11/2/2017 12:10:00 AM;137;0;22.24169921875
;Raw;Ammonia;11/2/2017 12:11:00 AM;137;0;22.2462005615234
;Raw;Ammonia;11/2/2017 12:12:00 AM;137;0;22.2465000152588
;Raw;Ammonia;11/2/2017 12:13:00 AM;137;0;22.242000579834
;Raw;Ammonia;11/2/2017 12:14:00 AM;137;0;22.2376003265381
;Raw;Ammonia;11/2/2017 12:15:00 AM;137;0;22.2439994812012
;Raw;Ammonia;11/2/2017 12:16:00 AM;137;0;22.305700302124
;Raw;Ammonia;11/2/2017 12:17:00 AM;137;0;22.3078002929688
;Raw;Ammonia;11/2/2017 12:18:00 AM;137;0;22.3036003112793
;Raw;Ammonia;11/2/2017 12:19:00 AM;137;0;22.2985992431641
;Raw;Ammonia;11/2/2017 12:20:00 AM;137;0;22.2970008850098
;Raw;Ammonia;11/2/2017 12:21:00 AM;137;0;22.2912998199463
;Raw;Ammonia;11/2/2017 12:22:00 AM;137;0;22.2945003509521
;Raw;Ammonia;11/2/2017 12:23:00 AM;137;0;22.2296009063721
;Raw;Ammonia;11/2/2017 12:24:00 AM;137;0;22.2894992828369
;Raw;Ammonia;11/2/2017 12:25:00 AM;137;0;22.2255001068115
;Raw;Ammonia;11/2/2017 12:26:00 AM;137;0;22.2311992645264
;Raw;Ammonia;11/2/2017 12:27:00 AM;137;0;22.2861995697021
;Raw;Ammonia;11/2/2017 12:28:00 AM;137;0;22.2828998565674
;Raw;Ammonia;11/2/2017 12:29:00 AM;137;0;22.2812995910645
;Raw;Ammonia;11/2/2017 12:30:00 AM;137;0;22.2681007385254
;Raw;Ammonia;11/2/2017 12:31:00 AM;137;0;22.2644996643066
;Raw;Ammonia;11/2/2017 12:32:00 AM;137;0;22.2681007385254
;Raw;Ammonia;11/2/2017 12:33:00 AM;137;0;22.2625007629395
;Raw;Ammonia;11/2/2017 12:34:00 AM;137;0;22.2653007507324
;Raw;Ammonia;11/2/2017 12:35:00 AM;137;0;22.2661991119385
;Raw;Ammonia;11/2/2017 12:36:00 AM;137;0;22.2639007568359
;Raw;Ammonia;11/2/2017 12:37:00 AM;137;0;22.2663993835449
;Raw;Ammonia;11/2/2017 12:38:00 AM;137;0;22.2546005249023
;Raw;Ammonia;11/2/2017 12:39:00 AM;137;0;22.2604007720947
;Raw;Ammonia;11/2/2017 12:40:00 AM;137;0;22.3208999633789
;Raw;Ammonia;11/2/2017 12:41:00 AM;137;0;22.2625007629395
;Raw;Ammonia;11/2/2017 12:42:00 AM;137;0;22.326000213623
;Raw;Ammonia;11/2/2017 12:43:00 AM;137;0;22.3241996765137
;Raw;Ammonia;11/2/2017 12:44:00 AM;137;0;22.3208999633789
;Raw;Ammonia;11/2/2017 12:45:00 AM;137;0;22.3050994873047
;Raw;Ammonia;11/2/2017 12:46:00 AM;137;0;22.3034992218018
;Raw;Ammonia;11/2/2017 12:47:00 AM;137;0;22.305700302124
;Raw;Ammonia;11/2/2017 12:48:00 AM;137;0;22.3082008361816
;Raw;Ammonia;11/2/2017 12:49:00 AM;137;0;22.3027000427246
;Raw;Ammonia;11/2/2017 12:50:00 AM;137;0;22.3652992248535
;Raw;Ammonia;11/2/2017 12:51:00 AM;137;0;22.3577995300293
;Raw;Ammonia;11/2/2017 12:52:00 AM;137;0;22.3502998352051
;Raw;Ammonia;11/2/2017 12:53:00 AM;137;0;22.3516006469727
;Raw;Ammonia;11/2/2017 12:54:00 AM;137;0;22.3500003814697
;Raw;Ammonia;11/2/2017 12:55:00 AM;137;0;22.4057998657227
;Raw;Ammonia;11/2/2017 12:56:00 AM;137;0;22.3950004577637
;Raw;Ammonia;11/2/2017 12:57:00 AM;137;0;22.3859004974365
;Raw;Ammonia;11/2/2017 12:58:00 AM;137;0;22.3973999023438
;Raw;Ammonia;11/2/2017 12:59:00 AM;137;0;22.4048004150391
;Raw;Ammonia;11/2/2017 1:00:00 AM;137;0;22.465799331665
;Raw;Ammonia;11/2/2017 1:01:00 AM;137;0;22.4591007232666
;Raw;Ammonia;11/2/2017 1:02:00 AM;137;0;22.4074993133545
;Raw;Ammonia;11/2/2017 1:03:00 AM;137;0;22.4633007049561
;Raw;Ammonia;11/2/2017 1:04:00 AM;137;0;22.4501991271973
;Raw;Ammonia;11/2/2017 1:05:00 AM;137;0;22.4461002349854
;Raw;Ammonia;11/2/2017 1:06:00 AM;137;0;22.5014991760254
;Raw;Ammonia;11/2/2017 1:07:00 AM;137;0;22.4430999755859
;Raw;Ammonia;11/2/2017 1:08:00 AM;137;0;22.4941997528076
;Raw;Ammonia;11/2/2017 1:09:00 AM;137;0;22.493200302124
;Raw;Ammonia;11/2/2017 1:10:00 AM;137;0;22.4979991912842
;Raw;Ammonia;11/2/2017 1:11:00 AM;137;0;22.5020999908447
;Raw;Ammonia;11/2/2017 1:12:00 AM;137;0;22.4986000061035
;Raw;Ammonia;11/2/2017 1:13:00 AM;137;0;22.4981994628906
;Raw;Ammonia;11/2/2017 1:14:00 AM;137;0;22.4925994873047
;Raw;Ammonia;11/2/2017 1:15:00 AM;137;0;22.4974002838135
;Raw;Ammonia;11/2/2017 1:16:00 AM;137;0;22.5515003204346
;Raw;Ammonia;11/2/2017 1:17:00 AM;137;0;22.5564994812012
;Raw;Ammonia;11/2/2017 1:18:00 AM;137;0;22.555700302124
;Raw;Ammonia;11/2/2017 1:19:00 AM;137;0;22.557300567627
;Raw;Ammonia;11/2/2017 1:20:00 AM;137;0;22.5515003204346
;Raw;Ammonia;11/2/2017 1:21:00 AM;137;0;22.5562992095947
;Raw;Ammonia;11/2/2017 1:22:00 AM;137;0;22.5503997802734
;Raw;Ammonia;11/2/2017 1:23:00 AM;137;0;22.5431003570557
;Raw;Ammonia;11/2/2017 1:24:00 AM;137;0;22.6021995544434
;Raw;Ammonia;11/2/2017 1:25:00 AM;137;0;22.6063995361328
;Raw;Ammonia;11/2/2017 1:26:00 AM;137;0;22.6028995513916
;Raw;Ammonia;11/2/2017 1:27:00 AM;137;0;22.6019992828369
;Raw;Ammonia;11/2/2017 1:28:00 AM;137;0;22.6060009002686
;Raw;Ammonia;11/2/2017 1:29:00 AM;137;0;22.611400604248
;Raw;Ammonia;11/2/2017 1:30:00 AM;137;0;22.6693992614746
;Raw;Ammonia;11/2/2017 1:31:00 AM;137;0;22.6660003662109
;Raw;Ammonia;11/2/2017 1:32:00 AM;137;0;22.6718997955322
;Raw;Ammonia;11/2/2017 1:33:00 AM;137;0;22.6713008880615
;Raw;Ammonia;11/2/2017 1:34:00 AM;137;0;22.6692008972168
;Raw;Ammonia;11/2/2017 1:35:00 AM;137;0;22.6665992736816
;Raw;Ammonia;11/2/2017 1:36:00 AM;137;0;22.6660003662109
;Raw;Ammonia;11/2/2017 1:37:00 AM;137;0;22.7224998474121
;Raw;Ammonia;11/2/2017 1:38:00 AM;137;0;22.7227993011475
;Raw;Ammonia;11/2/2017 1:39:00 AM;137;0;22.7262001037598
;Raw;Ammonia;11/2/2017 1:40:00 AM;137;0;22.7296009063721
;Raw;Ammonia;11/2/2017 1:41:00 AM;137;0;22.7234992980957
;Raw;Ammonia;11/2/2017 1:42:00 AM;137;0;22.657600402832
;Raw;Ammonia;11/2/2017 1:43:00 AM;137;0;22.7257995605469
;Raw;Ammonia;11/2/2017 1:44:00 AM;137;0;22.7296009063721
;Raw;Ammonia;11/2/2017 1:45:00 AM;137;0;22.7238998413086
;Raw;Ammonia;11/2/2017 1:46:00 AM;137;0;22.7205009460449
;Raw;Ammonia;11/2/2017 1:47:00 AM;137;0;22.7201995849609
;Raw;Ammonia;11/2/2017 1:48:00 AM;137;0;22.7143993377686
;Raw;Ammonia;11/2/2017 1:49:00 AM;137;0;22.7124996185303
;Raw;Ammonia;11/2/2017 1:50:00 AM;137;0;22.721399307251
;Raw;Ammonia;11/2/2017 1:51:00 AM;137;0;22.7245006561279
;Raw;Ammonia;11/2/2017 1:52:00 AM;137;0;22.7278995513916
;Raw;Ammonia;11/2/2017 1:53:00 AM;137;0;22.7409992218018
;Raw;Ammonia;11/2/2017 1:54:00 AM;137;0;22.7296009063721
;Raw;Ammonia;11/2/2017 1:55:00 AM;137;0;22.7332000732422
;Raw;Ammonia;11/2/2017 1:56:00 AM;137;0;22.7255992889404
;Raw;Ammonia;11/2/2017 1:57:00 AM;137;0;22.7262001037598
;Raw;Ammonia;11/2/2017 1:58:00 AM;137;0;22.718900680542
;Raw;Ammonia;11/2/2017 1:59:00 AM;137;0;22.6595001220703
;Raw;Ammonia;11/2/2017 2:00:00 AM;137;0;22.650899887085
;Raw;Ammonia;11/2/2017 2:01:00 AM;137;0;22.7077007293701
;Raw;Ammonia;11/2/2017 2:02:00 AM;137;0;22.7180004119873
;Raw;Ammonia;11/2/2017 2:03:00 AM;137;0;22.7136001586914
;Raw;Ammonia;11/2/2017 2:04:00 AM;137;0;22.7140007019043
;Raw;Ammonia;11/2/2017 2:05:00 AM;137;0;22.7162990570068
;Raw;Ammonia;11/2/2017 2:06:00 AM;137;0;22.7169990539551
;Raw;Ammonia;11/2/2017 2:07:00 AM;137;0;22.7162990570068
;Raw;Ammonia;11/2/2017 2:08:00 AM;137;0;22.7154998779297
;Raw;Ammonia;11/2/2017 2:09:00 AM;137;0;22.7138004302979
;Raw;Ammonia;11/2/2017 2:10:00 AM;137;0;22.7143001556396
;Raw;Ammonia;11/2/2017 2:11:00 AM;137;0;22.7716007232666
;Raw;Ammonia;11/2/2017 2:12:00 AM;137;0;22.717399597168
;Raw;Ammonia;11/2/2017 2:13:00 AM;137;0;22.7851009368896
;Raw;Ammonia;11/2/2017 2:14:00 AM;137;0;22.733699798584
;Raw;Ammonia;11/2/2017 2:15:00 AM;137;0;22.7859001159668
;Raw;Ammonia;11/2/2017 2:16:00 AM;137;0;22.7203006744385
;Raw;Ammonia;11/2/2017 2:17:00 AM;137;0;22.7208003997803
;Raw;Ammonia;11/2/2017 2:18:00 AM;137;0;22.7212009429932
;Raw;Ammonia;11/2/2017 2:19:00 AM;137;0;22.721399307251
;Raw;Ammonia;11/2/2017 2:20:00 AM;137;0;22.7178001403809
;Raw;Ammonia;11/2/2017 2:21:00 AM;137;0;22.7245006561279
;Raw;Ammonia;11/2/2017 2:22:00 AM;137;0;22.7306995391846
;Raw;Ammonia;11/2/2017 2:23:00 AM;137;0;22.7254009246826
;Raw;Ammonia;11/2/2017 2:24:00 AM;137;0;22.7252006530762
;Raw;Ammonia;11/2/2017 2:25:00 AM;137;0;22.7921009063721
;Raw;Ammonia;11/2/2017 2:26:00 AM;137;0;22.7929992675781
;Raw;Ammonia;11/2/2017 2:27:00 AM;137;0;22.7126998901367
;Raw;Ammonia;11/2/2017 2:28:00 AM;137;0;22.7148990631104
;Raw;Ammonia;11/2/2017 2:29:00 AM;137;0;22.778600692749
;Raw;Ammonia;11/2/2017 2:30:00 AM;137;0;22.7814998626709
;Raw;Ammonia;11/2/2017 2:31:00 AM;137;0;22.7233009338379
;Raw;Ammonia;11/2/2017 2:32:00 AM;137;0;22.7717990875244
;Raw;Ammonia;11/2/2017 2:33:00 AM;137;0;22.7126998901367
;Raw;Ammonia;11/2/2017 2:34:00 AM;137;0;22.7728996276855
;Raw;Ammonia;11/2/2017 2:35:00 AM;137;0;22.7707004547119
;Raw;Ammonia;11/2/2017 2:36:00 AM;137;0;22.7765998840332
;Raw;Ammonia;11/2/2017 2:37:00 AM;137;0;22.7765998840332
;Raw;Ammonia;11/2/2017 2:38:00 AM;137;0;22.7749996185303
;Raw;Ammonia;11/2/2017 2:39:00 AM;137;0;22.7775001525879
;Raw;Ammonia;11/2/2017 2:40:00 AM;137;0;22.7684001922607
;Raw;Ammonia;11/2/2017 2:41:00 AM;137;0;22.7679996490479
;Raw;Ammonia;11/2/2017 2:42:00 AM;137;0;22.7735004425049
;Raw;Ammonia;11/2/2017 2:43:00 AM;137;0;22.8302001953125
;Raw;Ammonia;11/2/2017 2:44:00 AM;137;0;22.8374004364014
;Raw;Ammonia;11/2/2017 2:45:00 AM;137;0;22.7777004241943
;Raw;Ammonia;11/2/2017 2:46:00 AM;137;0;22.8393001556396
;Raw;Ammonia;11/2/2017 2:47:00 AM;137;0;22.8330993652344
;Raw;Ammonia;11/2/2017 2:48:00 AM;137;0;22.8295993804932
;Raw;Ammonia;11/2/2017 2:49:00 AM;137;0;22.8356990814209
;Raw;Ammonia;11/2/2017 2:50:00 AM;137;0;22.8255004882813
;Raw;Ammonia;11/2/2017 2:51:00 AM;137;0;22.8325004577637
;Raw;Ammonia;11/2/2017 2:52:00 AM;137;0;22.8279991149902
;Raw;Ammonia;11/2/2017 2:53:00 AM;137;0;22.8306007385254
;Raw;Ammonia;11/2/2017 2:54:00 AM;137;0;22.8311996459961
;Raw;Ammonia;11/2/2017 2:55:00 AM;137;0;22.8271999359131
;Raw;Ammonia;11/2/2017 2:56:00 AM;137;0;22.8306007385254
;Raw;Ammonia;11/2/2017 2:57:00 AM;137;0;22.8316993713379
;Raw;Ammonia;11/2/2017 2:58:00 AM;137;0;22.8890991210938
;Raw;Ammonia;11/2/2017 2:59:00 AM;137;0;22.8908004760742
;Raw;Ammonia;11/2/2017 3:00:00 AM;137;0;22.8913993835449
;Raw;Ammonia;11/2/2017 3:01:00 AM;137;0;22.8920993804932
;Raw;Ammonia;11/2/2017 3:02:00 AM;137;0;22.8939990997314
;Raw;Ammonia;11/2/2017 3:03:00 AM;137;0;22.8924999237061
;Raw;Ammonia;11/2/2017 3:04:00 AM;137;0;22.8948001861572
;Raw;Ammonia;11/2/2017 3:05:00 AM;137;0;22.8922996520996
;Raw;Ammonia;11/2/2017 3:06:00 AM;137;0;22.8957004547119
;Raw;Ammonia;11/2/2017 3:07:00 AM;137;0;22.8936996459961
;Raw;Ammonia;11/2/2017 3:08:00 AM;137;0;22.8948001861572
;Raw;Ammonia;11/2/2017 3:09:00 AM;137;0;22.8931007385254
;Raw;Ammonia;11/2/2017 3:10:00 AM;137;0;22.8948001861572
;Raw;Ammonia;11/2/2017 3:11:00 AM;137;0;22.8964996337891
;Raw;Ammonia;11/2/2017 3:12:00 AM;137;0;22.906099319458
;Raw;Ammonia;11/2/2017 3:13:00 AM;137;0;22.9153995513916
;Raw;Ammonia;11/2/2017 3:14:00 AM;137;0;22.8957004547119
;Raw;Ammonia;11/2/2017 3:15:00 AM;137;0;22.8880004882813
;Raw;Ammonia;11/2/2017 3:16:00 AM;137;0;22.8922996520996
;Raw;Ammonia;11/2/2017 3:17:00 AM;137;0;22.8964996337891
;Raw;Ammonia;11/2/2017 3:18:00 AM;137;0;22.8966999053955
;Raw;Ammonia;11/2/2017 3:19:00 AM;137;0;22.8957004547119
;Raw;Ammonia;11/2/2017 3:20:00 AM;137;0;22.9556007385254
;Raw;Ammonia;11/2/2017 3:21:00 AM;137;0;22.9568996429443
;Raw;Ammonia;11/2/2017 3:22:00 AM;137;0;22.8922996520996
;Raw;Ammonia;11/2/2017 3:23:00 AM;137;0;22.8939990997314
;Raw;Ammonia;11/2/2017 3:24:00 AM;137;0;22.8931007385254
;Raw;Ammonia;11/2/2017 3:25:00 AM;137;0;22.9549999237061
;Raw;Ammonia;11/2/2017 3:26:00 AM;137;0;22.8852996826172
;Raw;Ammonia;11/2/2017 3:27:00 AM;137;0;22.8880004882813
;Raw;Ammonia;11/2/2017 3:28:00 AM;137;0;22.9568996429443
;Raw;Ammonia;11/2/2017 3:29:00 AM;137;0;22.8917007446289
;Raw;Ammonia;11/2/2017 3:30:00 AM;137;0;22.9519996643066
;Raw;Ammonia;11/2/2017 3:31:00 AM;137;0;22.9533004760742
;Raw;Ammonia;11/2/2017 3:32:00 AM;137;0;22.9575004577637
;Raw;Ammonia;11/2/2017 3:33:00 AM;137;0;22.9633007049561
;Raw;Ammonia;11/2/2017 3:34:00 AM;137;0;22.9043998718262
;Raw;Ammonia;11/2/2017 3:35:00 AM;137;0;22.9008007049561
;Raw;Ammonia;11/2/2017 3:36:00 AM;137;0;22.9612007141113
;Raw;Ammonia;11/2/2017 3:37:00 AM;137;0;22.9584007263184
;Raw;Ammonia;11/2/2017 3:38:00 AM;137;0;22.8939990997314
;Raw;Ammonia;11/2/2017 3:39:00 AM;137;0;22.8948001861572
;Raw;Ammonia;11/2/2017 3:40:00 AM;137;0;22.9025001525879
;Raw;Ammonia;11/2/2017 3:41:00 AM;137;0;22.9092998504639
;Raw;Ammonia;11/2/2017 3:42:00 AM;137;0;22.9169006347656
;Raw;Ammonia;11/2/2017 3:43:00 AM;137;0;22.9281997680664
;Raw;Ammonia;11/2/2017 3:44:00 AM;137;0;22.9248008728027
;Raw;Ammonia;11/2/2017 3:45:00 AM;137;0;22.9214000701904
;Raw;Ammonia;11/2/2017 3:46:00 AM;137;0;22.9151992797852
;Raw;Ammonia;11/2/2017 3:47:00 AM;137;0;22.9197006225586
;Raw;Ammonia;11/2/2017 3:48:00 AM;137;0;22.9129009246826
;Raw;Ammonia;11/2/2017 3:49:00 AM;137;0;22.9050006866455
;Raw;Ammonia;11/2/2017 3:50:00 AM;137;0;22.9078006744385
;Raw;Ammonia;11/2/2017 3:51:00 AM;137;0;22.9167003631592
;Raw;Ammonia;11/2/2017 3:52:00 AM;137;0;22.9162998199463
;Raw;Ammonia;11/2/2017 3:53:00 AM;137;0;22.9083995819092
;Raw;Ammonia;11/2/2017 3:54:00 AM;137;0;22.9074993133545
;Raw;Ammonia;11/2/2017 3:55:00 AM;137;0;22.9101009368896
;Raw;Ammonia;11/2/2017 3:56:00 AM;137;0;22.8416004180908
;Raw;Ammonia;11/2/2017 3:57:00 AM;137;0;22.842399597168
;Raw;Ammonia;11/2/2017 3:58:00 AM;137;0;22.8509006500244
;Raw;Ammonia;11/2/2017 3:59:00 AM;137;0;22.9101009368896
;Raw;Ammonia;11/2/2017 4:00:00 AM;137;0;22.9153995513916
;Raw;Ammonia;11/2/2017 4:01:00 AM;137;0;22.9209995269775
;Raw;Ammonia;11/2/2017 4:02:00 AM;137;0;22.9162998199463
;Raw;Ammonia;11/2/2017 4:03:00 AM;137;0;22.9179992675781
;Raw;Ammonia;11/2/2017 4:04:00 AM;137;0;22.8610992431641
;Raw;Ammonia;11/2/2017 4:05:00 AM;137;0;22.9281997680664
;Raw;Ammonia;11/2/2017 4:06:00 AM;137;0;22.9263000488281
;Raw;Ammonia;11/2/2017 4:07:00 AM;137;0;22.8586006164551
;Raw;Ammonia;11/2/2017 4:08:00 AM;137;0;22.9160995483398
;Raw;Ammonia;11/2/2017 4:09:00 AM;137;0;22.867000579834
;Raw;Ammonia;11/2/2017 4:10:00 AM;137;0;22.867000579834
;Raw;Ammonia;11/2/2017 4:11:00 AM;137;0;22.8628005981445
;Raw;Ammonia;11/2/2017 4:12:00 AM;137;0;22.8605003356934
;Raw;Ammonia;11/2/2017 4:13:00 AM;137;0;22.9214000701904
;Raw;Ammonia;11/2/2017 4:14:00 AM;137;0;22.923999786377
;Raw;Ammonia;11/2/2017 4:15:00 AM;137;0;22.9297008514404
;Raw;Ammonia;11/2/2017 4:16:00 AM;137;0;22.8673000335693
;Raw;Ammonia;11/2/2017 4:17:00 AM;137;0;22.9291000366211
;Raw;Ammonia;11/2/2017 4:18:00 AM;137;0;22.9344005584717
;Raw;Ammonia;11/2/2017 4:19:00 AM;137;0;22.9288005828857
;Raw;Ammonia;11/2/2017 4:20:00 AM;137;0;22.9339008331299
;Raw;Ammonia;11/2/2017 4:21:00 AM;137;0;22.9384002685547
;Raw;Ammonia;11/2/2017 4:22:00 AM;137;0;22.9314002990723
;Raw;Ammonia;11/2/2017 4:23:00 AM;137;0;22.8675003051758
;Raw;Ammonia;11/2/2017 4:24:00 AM;137;0;22.9314002990723
;Raw;Ammonia;11/2/2017 4:25:00 AM;137;0;22.9204998016357
;Raw;Ammonia;11/2/2017 4:26:00 AM;137;0;22.9195003509521
;Raw;Ammonia;11/2/2017 4:27:00 AM;137;0;22.9237003326416
;Raw;Ammonia;11/2/2017 4:28:00 AM;137;0;22.919900894165
;Raw;Ammonia;11/2/2017 4:29:00 AM;137;0;22.921199798584
;Raw;Ammonia;11/2/2017 4:30:00 AM;137;0;22.9248008728027
;Raw;Ammonia;11/2/2017 4:31:00 AM;137;0;22.9265003204346
;Raw;Ammonia;11/2/2017 4:32:00 AM;137;0;22.9309005737305
;Raw;Ammonia;11/2/2017 4:33:00 AM;137;0;22.9354991912842
;Raw;Ammonia;11/2/2017 4:34:00 AM;137;0;22.9381999969482
;Raw;Ammonia;11/2/2017 4:35:00 AM;137;0;22.9305000305176
;Raw;Ammonia;11/2/2017 4:36:00 AM;137;0;22.9288005828857
;Raw;Ammonia;11/2/2017 4:37:00 AM;137;0;22.9298992156982
;Raw;Ammonia;11/2/2017 4:38:00 AM;137;0;22.9281997680664
;Raw;Ammonia;11/2/2017 4:39:00 AM;137;0;22.9263000488281
;Raw;Ammonia;11/2/2017 4:40:00 AM;137;0;22.9298992156982
;Raw;Ammonia;11/2/2017 4:41:00 AM;137;0;22.9286994934082
;Raw;Ammonia;11/2/2017 4:42:00 AM;137;0;22.9277992248535
;Raw;Ammonia;11/2/2017 4:43:00 AM;137;0;22.9220008850098
;Raw;Ammonia;11/2/2017 4:44:00 AM;137;0;22.9171009063721
;Raw;Ammonia;11/2/2017 4:45:00 AM;137;0;22.9235992431641
;Raw;Ammonia;11/2/2017 4:46:00 AM;137;0;22.9874000549316
;Raw;Ammonia;11/2/2017 4:47:00 AM;137;0;22.9839992523193
;Raw;Ammonia;11/2/2017 4:48:00 AM;137;0;22.9867000579834
;Raw;Ammonia;11/2/2017 4:49:00 AM;137;0;22.9918994903564
;Raw;Ammonia;11/2/2017 4:50:00 AM;137;0;22.9859008789063
;Raw;Ammonia;11/2/2017 4:51:00 AM;137;0;22.9256000518799
;Raw;Ammonia;11/2/2017 4:52:00 AM;137;0;22.9927005767822
;Raw;Ammonia;11/2/2017 4:53:00 AM;137;0;22.9904003143311
;Raw;Ammonia;11/2/2017 4:54:00 AM;137;0;22.9246006011963
;Raw;Ammonia;11/2/2017 4:55:00 AM;137;0;22.9288005828857
;Raw;Ammonia;11/2/2017 4:56:00 AM;137;0;22.9298992156982
;Raw;Ammonia;11/2/2017 4:57:00 AM;137;0;22.9466991424561
;Raw;Ammonia;11/2/2017 4:58:00 AM;137;0;22.9461002349854
;Raw;Ammonia;11/2/2017 4:59:00 AM;137;0;22.9389991760254
;Raw;Ammonia;11/2/2017 5:00:00 AM;137;0;22.9416007995605
;Raw;Ammonia;11/2/2017 5:01:00 AM;137;0;22.9388999938965
;Raw;Ammonia;11/2/2017 5:02:00 AM;137;0;22.9354991912842
;Raw;Ammonia;11/2/2017 5:03:00 AM;137;0;22.9307994842529
;Raw;Ammonia;11/2/2017 5:04:00 AM;137;0;22.9316005706787
;Raw;Ammonia;11/2/2017 5:05:00 AM;137;0;22.9358997344971
;Raw;Ammonia;11/2/2017 5:06:00 AM;137;0;22.945499420166
;Raw;Ammonia;11/2/2017 5:07:00 AM;137;0;22.948299407959
;Raw;Ammonia;11/2/2017 5:08:00 AM;137;0;22.9372997283936
;Raw;Ammonia;11/2/2017 5:09:00 AM;137;0;22.9321994781494
;Raw;Ammonia;11/2/2017 5:10:00 AM;137;0;22.8787994384766
;Raw;Ammonia;11/2/2017 5:11:00 AM;137;0;22.9409999847412
;Raw;Ammonia;11/2/2017 5:12:00 AM;137;0;22.8805999755859
;Raw;Ammonia;11/2/2017 5:13:00 AM;137;0;22.8789005279541
;Raw;Ammonia;11/2/2017 5:14:00 AM;137;0;22.8780994415283
;Raw;Ammonia;11/2/2017 5:15:00 AM;137;0;22.8799991607666
;Raw;Ammonia;11/2/2017 5:16:00 AM;137;0;22.8309993743896
;Raw;Ammonia;11/2/2017 5:17:00 AM;137;0;22.8815002441406
;Raw;Ammonia;11/2/2017 5:18:00 AM;137;0;22.8808994293213
;Raw;Ammonia;11/2/2017 5:19:00 AM;137;0;22.8831996917725
;Raw;Ammonia;11/2/2017 5:20:00 AM;137;0;22.8798007965088
;Raw;Ammonia;11/2/2017 5:21:00 AM;137;0;22.8861999511719
;Raw;Ammonia;11/2/2017 5:22:00 AM;137;0;22.886999130249
;Raw;Ammonia;11/2/2017 5:23:00 AM;137;0;22.8185005187988
;Raw;Ammonia;11/2/2017 5:24:00 AM;137;0;22.8208999633789
;Raw;Ammonia;11/2/2017 5:25:00 AM;137;0;22.8290996551514
;Raw;Ammonia;11/2/2017 5:26:00 AM;137;0;22.8283004760742
;Raw;Ammonia;11/2/2017 5:27:00 AM;137;0;22.8243007659912
;Raw;Ammonia;11/2/2017 5:28:00 AM;137;0;22.8216991424561
;Raw;Ammonia;11/2/2017 5:29:00 AM;137;0;22.8269996643066
;Raw;Ammonia;11/2/2017 5:30:00 AM;137;0;22.8910007476807
;Raw;Ammonia;11/2/2017 5:31:00 AM;137;0;22.8258991241455
;Raw;Ammonia;11/2/2017 5:32:00 AM;137;0;22.8882999420166
;Raw;Ammonia;11/2/2017 5:33:00 AM;137;0;22.8850994110107
;Raw;Ammonia;11/2/2017 5:34:00 AM;137;0;22.8784999847412
;Raw;Ammonia;11/2/2017 5:35:00 AM;137;0;22.8890991210938
;Raw;Ammonia;11/2/2017 5:36:00 AM;137;0;22.8924999237061
;Raw;Ammonia;11/2/2017 5:37:00 AM;137;0;22.8915004730225
;Raw;Ammonia;11/2/2017 5:38:00 AM;137;0;22.8908004760742
;Raw;Ammonia;11/2/2017 5:39:00 AM;137;0;22.8901996612549
;Raw;Ammonia;11/2/2017 5:40:00 AM;137;0;22.8918991088867
;Raw;Ammonia;11/2/2017 5:41:00 AM;137;0;22.8890991210938
;Raw;Ammonia;11/2/2017 5:42:00 AM;137;0;22.8901996612549
;Raw;Ammonia;11/2/2017 5:43:00 AM;137;0;22.8901996612549
;Raw;Ammonia;11/2/2017 5:44:00 AM;137;0;22.8917007446289
;Raw;Ammonia;11/2/2017 5:45:00 AM;137;0;22.953800201416
;Raw;Ammonia;11/2/2017 5:46:00 AM;137;0;22.9493007659912
;Raw;Ammonia;11/2/2017 5:47:00 AM;137;0;22.9484004974365
;Raw;Ammonia;11/2/2017 5:48:00 AM;137;0;22.9496994018555
;Raw;Ammonia;11/2/2017 5:49:00 AM;137;0;22.9417991638184
;Raw;Ammonia;11/2/2017 5:50:00 AM;137;0;22.9456996917725
;Raw;Ammonia;11/2/2017 5:51:00 AM;137;0;22.9472007751465
;Raw;Ammonia;11/2/2017 5:52:00 AM;137;0;22.9477996826172
;Raw;Ammonia;11/2/2017 5:53:00 AM;137;0;22.9552001953125
;Raw;Ammonia;11/2/2017 5:54:00 AM;137;0;22.9526996612549
;Raw;Ammonia;11/2/2017 5:55:00 AM;137;0;22.9417991638184
;Raw;Ammonia;11/2/2017 5:56:00 AM;137;0;22.9477996826172
;Raw;Ammonia;11/2/2017 5:57:00 AM;137;0;22.942699432373
;Raw;Ammonia;11/2/2017 5:58:00 AM;137;0;22.8815002441406
;Raw;Ammonia;11/2/2017 5:59:00 AM;137;0;22.8843002319336
;Raw;Ammonia;11/2/2017 6:00:00 AM;137;0;22.888500213623
;Raw;Ammonia;11/2/2017 6:01:00 AM;137;0;22.8976001739502
;Raw;Ammonia;11/2/2017 6:02:00 AM;137;0;22.9046993255615
;Raw;Ammonia;11/2/2017 6:03:00 AM;137;0;22.9055004119873
;Raw;Ammonia;11/2/2017 6:04:00 AM;137;0;22.895299911499
;Raw;Ammonia;11/2/2017 6:05:00 AM;137;0;22.9071998596191
;Raw;Ammonia;11/2/2017 6:06:00 AM;137;0;22.9095001220703
;Raw;Ammonia;11/2/2017 6:07:00 AM;137;0;22.9545993804932
;Raw;Ammonia;11/2/2017 6:08:00 AM;137;0;22.8910007476807
;Raw;Ammonia;11/2/2017 6:09:00 AM;137;0;22.9500999450684
;Raw;Ammonia;11/2/2017 6:10:00 AM;137;0;22.9489002227783
;Raw;Ammonia;11/2/2017 6:11:00 AM;137;0;22.9517002105713
;Raw;Ammonia;11/2/2017 6:12:00 AM;137;0;22.9535007476807
;Raw;Ammonia;11/2/2017 6:13:00 AM;137;0;22.9493007659912
;Raw;Ammonia;11/2/2017 6:14:00 AM;137;0;23.0130004882813
;Raw;Ammonia;11/2/2017 6:15:00 AM;137;0;23.0107002258301
;Raw;Ammonia;11/2/2017 6:16:00 AM;137;0;23.0086994171143
;Raw;Ammonia;11/2/2017 6:17:00 AM;137;0;23.005199432373
;Raw;Ammonia;11/2/2017 6:18:00 AM;137;0;23.0657005310059
;Raw;Ammonia;11/2/2017 6:19:00 AM;137;0;23.0667991638184
;Raw;Ammonia;11/2/2017 6:20:00 AM;137;0;23.07200050354
;Raw;Ammonia;11/2/2017 6:21:00 AM;137;0;23.135799407959
;Raw;Ammonia;11/2/2017 6:22:00 AM;137;0;23.1317005157471
;Raw;Ammonia;11/2/2017 6:23:00 AM;137;0;23.1310997009277
;Raw;Ammonia;11/2/2017 6:24:00 AM;137;0;23.1924991607666
;Raw;Ammonia;11/2/2017 6:25:00 AM;137;0;23.1958999633789
;Raw;Ammonia;11/2/2017 6:26:00 AM;137;0;23.1333999633789
;Raw;Ammonia;11/2/2017 6:27:00 AM;137;0;23.1973991394043
;Raw;Ammonia;11/2/2017 6:28:00 AM;137;0;23.2008991241455
;Raw;Ammonia;11/2/2017 6:29:00 AM;137;0;23.1951007843018
;Raw;Ammonia;11/2/2017 6:30:00 AM;137;0;23.1980991363525
;Raw;Ammonia;11/2/2017 6:31:00 AM;137;0;23.1991996765137
;Raw;Ammonia;11/2/2017 6:32:00 AM;137;0;23.2045993804932
;Raw;Ammonia;11/2/2017 6:33:00 AM;137;0;23.2679004669189
;Raw;Ammonia;11/2/2017 6:34:00 AM;137;0;23.2637996673584
;Raw;Ammonia;11/2/2017 6:35:00 AM;137;0;23.2686996459961
;Raw;Ammonia;11/2/2017 6:36:00 AM;137;0;23.2677001953125
;Raw;Ammonia;11/2/2017 6:37:00 AM;137;0;23.2686004638672
;Raw;Ammonia;11/2/2017 6:38:00 AM;137;0;23.2644004821777
;Raw;Ammonia;11/2/2017 6:39:00 AM;137;0;23.2721996307373
;Raw;Ammonia;11/2/2017 6:40:00 AM;137;0;23.3437004089355
;Raw;Ammonia;11/2/2017 6:41:00 AM;137;0;23.3542003631592
;Raw;Ammonia;11/2/2017 6:42:00 AM;137;0;23.3584995269775
;Raw;Ammonia;11/2/2017 6:43:00 AM;137;0;23.3474006652832
;Raw;Ammonia;11/2/2017 6:44:00 AM;137;0;23.3430995941162
;Raw;Ammonia;11/2/2017 6:45:00 AM;137;0;23.3421993255615
;Raw;Ammonia;11/2/2017 6:46:00 AM;137;0;23.3442001342773
;Raw;Ammonia;11/2/2017 6:47:00 AM;137;0;23.3483009338379
;Raw;Ammonia;11/2/2017 6:48:00 AM;137;0;23.3500995635986
;Raw;Ammonia;11/2/2017 6:49:00 AM;137;0;23.3540000915527
;Raw;Ammonia;11/2/2017 6:50:00 AM;137;0;23.3495998382568
;Raw;Ammonia;11/2/2017 6:51:00 AM;137;0;23.350700378418
;Raw;Ammonia;11/2/2017 6:52:00 AM;137;0;23.418399810791
;Raw;Ammonia;11/2/2017 6:53:00 AM;137;0;23.4256992340088
;Raw;Ammonia;11/2/2017 6:54:00 AM;137;0;23.4297008514404
;Raw;Ammonia;11/2/2017 6:55:00 AM;137;0;23.4192008972168
;Raw;Ammonia;11/2/2017 6:56:00 AM;137;0;23.4141998291016
;Raw;Ammonia;11/2/2017 6:57:00 AM;137;0;23.419900894165
;Raw;Ammonia;11/2/2017 6:58:00 AM;137;0;23.3533000946045
;Raw;Ammonia;11/2/2017 6:59:00 AM;137;0;23.417200088501
